Designator,Mid X,Mid Y,Rotation,Layer
C1,101.66,-93.56,270.0,bottom
C10,110.01,-111.41,180.0,top
C11,120.56,-113.16,180.0,top
C12,125.11,-113.16,180.0,top
C13,131.51,-113.21,180.0,top
C14,120.91,-87.66,0.0,top
C15,136.66,-106.86,270.0,top
C16,136.66,-101.91,270.0,top
C17,137.81,-95.41,0.0,top
C18,132.41,-87.51,0.0,top
C19,125.21,-87.66,0.0,top
C2,137.81,-91.41,0.0,top
C20,114.0375,-87.66,180.0,top
C21,105.76,-72.36,270.0,bottom
C22,102.31,-56.51,0.0,top
C23,95.01,-68.41,180.0,bottom
C24,87.51,-67.71,0.0,bottom
C25,97.66,-72.16,270.0,top
C26,95.56,-79.86,270.0,top
C27,102.26,-76.16,0.0,top
C28,137.81,-89.41,0.0,top
C3,137.81,-93.41,0.0,top
C30,128.21,-65.81,180.0,bottom
C31,123.76,-79.46,90.0,bottom
C32,127.36,-57.96,270.0,bottom
C34,124.01,-68.01,180.0,bottom
C35,98.61,-128.91,0.0,bottom
C36,98.61,-135.61,0.0,bottom
C37,157.26,-106.41,0.0,bottom
C38,157.26,-113.41,0.0,bottom
C39,157.26,-120.41,0.0,bottom
C4,139.3575,-98.66,90.0,top
C40,157.26,-99.41,0.0,bottom
C41,157.26,-88.41,0.0,bottom
C42,157.26,-81.41,0.0,bottom
C43,157.26,-74.41,0.0,bottom
C44,157.26,-67.41,0.0,bottom
C45,119.86,-79.41,0.0,bottom
C46,119.76,-72.81,0.0,bottom
C47,117.31,-129.31,0.0,bottom
C48,117.31,-135.61,0.0,bottom
C49,147.36,-131.01,0.0,bottom
C5,110.01,-109.11,180.0,top
C50,147.11,-56.16,0.0,bottom
C51,136.26,-122.16,0.0,bottom
C52,136.11,-128.91,0.0,bottom
C53,136.01,-135.66,0.0,bottom
C54,111.56,-55.56,90.0,bottom
C55,111.56,-62.16,90.0,bottom
C56,109.56,-55.56,90.0,bottom
C57,109.56,-62.16,90.0,bottom
C58,117.26,-122.16,0.0,bottom
C59,136.31,-83.81,0.0,bottom
C6,117.51,-87.66,0.0,top
C60,136.51,-72.71,0.0,bottom
C61,121.71,-101.36,90.0,bottom
C62,125.26,-101.31,90.0,bottom
C63,122.56,-89.41,90.0,bottom
C64,124.81,-89.41,90.0,bottom
C65,96.56,-117.26,270.0,bottom
C66,101.76,-117.26,270.0,bottom
C67,85.71,-73.81,0.0,bottom
C68,83.56,-122.26,270.0,bottom
C69,136.31,-62.91,0.0,bottom
C7,110.91,-88.36,90.0,top
C70,136.41,-56.21,0.0,bottom
C8,110.81,-96.96,90.0,top
C9,110.76,-102.36,90.0,top
CR1,100.51,-82.1104,180.0,top
CR2,126.9345,-72.31,180.0,bottom
CR3,120.410001,-57.71,0.0,bottom
CR4,127.0855,-84.31,0.0,bottom
CR5,120.3855,-64.51,0.0,bottom
D1,95.1416,-98.06,0.0,bottom
D10,101.0916,-131.01,180.0,bottom
D11,138.5784,-131.06,180.0,bottom
D12,98.7475,-76.16,0.0,top
D13,100.885,-80.71,180.0,bottom
D14,147.3284,-135.76,0.0,bottom
D15,87.61,-110.235,270.0,top
D16,88.16,-71.535,90.0,top
D17,96.435,-101.41,180.0,top
D18,100.935,-101.41,180.0,top
D19,105.56,-101.41,180.0,top
D2,98.31,-64.16,180.0,top
D20,98.31,-66.41,180.0,top
D21,138.935,-111.16,0.0,top
D22,102.685,-66.41,180.0,top
D23,102.685,-64.16,180.0,top
D24,82.6784,-125.36,180.0,bottom
D25,130.5225,-60.61,180.0,bottom
D26,130.5225,-62.81,180.0,bottom
D27,125.26,-58.36,180.0,top
D28,125.26,-64.81,180.0,top
D3,102.56,-68.21,0.0,bottom
D4,102.46,-60.01,0.0,bottom
D5,91.6284,-65.76,0.0,bottom
D6,98.46,-77.01,180.0,bottom
D7,104.46,-116.0284,90.0,bottom
D8,157.1416,-65.26,0.0,bottom
D9,157.4416,-97.01,0.0,bottom
F1,89.66,-64.66,0.0,top
FB1,137.8,-87.41,180.0,top
G1,78.978925,-91.079995,0.0,top
J1,84.83,-98.16,270.0,top
J10,152.31,-108.66,180.0,top
J11,152.31,-101.66,180.0,top
J12,113.56,-126.51,180.0,top
J13,113.56,-133.26,180.0,top
J14,152.31,-90.66,180.0,top
J15,152.31,-83.735,180.0,top
J16,152.31,-76.735,180.0,top
J17,152.31,-69.735,180.0,top
J18,147.31,-133.26,180.0,top
J19,147.31,-58.66,180.0,top
J2,99.0,-110.16,270.0,top
J20,132.31,-119.76,180.0,top
J21,132.31,-126.51,180.0,top
J22,132.31,-133.26,180.0,top
J23,113.25,-58.66,270.0,top
J24,113.25,-65.41,270.0,top
J25,113.56,-119.76,180.0,top
J26,133.56,-74.935,180.0,top
J27,133.56,-81.685,180.0,top
J28,82.575,-107.73,270.0,top
J29,82.6125,-74.66,270.0,top
J3,92.31,-56.41,0.0,top
J30,134.81,-58.66,180.0,top
J31,134.81,-65.41,180.0,top
J4,96.06,-133.26,180.0,top
J5,96.06,-126.51,180.0,top
J6,114.81,-81.685,180.0,top
J7,114.81,-74.935,180.0,top
J8,152.31,-122.66,180.0,top
J9,152.31,-115.66,180.0,top
JP1,91.34,-116.51,270.0,top
JP2,81.155,-65.91,90.0,top
R1,104.76,-93.5975,270.0,bottom
R10,100.86,-72.3225,270.0,bottom
R11,98.56,-72.3225,270.0,bottom
R12,103.06,-72.3225,270.0,bottom
R13,131.3725,-72.81,0.0,bottom
R14,117.6725,-55.51,180.0,bottom
R15,141.0225,-77.26,180.0,bottom
R16,127.36,-62.1975,270.0,bottom
R18,131.3475,-83.81,0.0,bottom
R19,117.6475,-62.41,180.0,bottom
R2,101.66,-98.0975,270.0,bottom
R20,141.0225,-79.46,180.0,bottom
R21,123.9725,-65.81,0.0,bottom
R23,131.3475,-77.31,180.0,bottom
R24,131.3475,-79.41,180.0,bottom
R25,127.31,-131.11,180.0,bottom
R26,127.31,-128.91,180.0,bottom
R27,127.31,-124.11,180.0,bottom
R28,127.31,-122.16,180.0,bottom
R29,129.06,-116.6475,270.0,bottom
R3,98.66,-93.5975,90.0,bottom
R30,131.56,-116.6725,270.0,bottom
R31,126.51,-116.6475,270.0,bottom
R32,124.2725,-126.61,180.0,bottom
R33,124.2725,-133.41,180.0,bottom
R34,113.56,-116.5975,270.0,bottom
R35,111.06,-116.5975,270.0,bottom
R36,108.56,-116.5975,270.0,bottom
R37,142.4725,-116.61,180.0,bottom
R38,142.4725,-118.91,180.0,bottom
R39,142.4725,-121.21,180.0,bottom
R4,98.66,-98.0975,90.0,bottom
R40,142.4725,-123.51,180.0,bottom
R41,142.4725,-114.31,180.0,bottom
R42,142.4725,-112.01,180.0,bottom
R43,146.06,-98.7225,270.0,bottom
R44,148.56,-98.7225,270.0,bottom
R45,150.1475,-104.11,180.0,bottom
R46,150.1475,-106.11,180.0,bottom
R47,142.56,-103.2225,90.0,bottom
R48,142.56,-107.1225,270.0,bottom
R49,108.56,-130.3975,270.0,bottom
R5,104.36,-107.71,0.0,bottom
R50,111.06,-130.3975,270.0,bottom
R51,113.56,-130.4225,270.0,bottom
R52,108.56,-123.9225,270.0,bottom
R53,113.56,-123.9225,270.0,bottom
R54,111.06,-123.9225,270.0,bottom
R55,108.0475,-79.46,0.0,bottom
R56,108.0475,-77.41,0.0,bottom
R57,116.06,-84.8225,90.0,bottom
R58,113.56,-84.8225,90.0,bottom
R59,111.06,-84.8225,90.0,bottom
R6,95.76,-64.3225,90.0,bottom
R60,148.56,-72.7475,90.0,bottom
R61,146.06,-72.7475,90.0,bottom
R62,146.06,-79.7475,90.0,bottom
R63,148.56,-79.7475,90.0,bottom
R64,114.06,-69.5225,90.0,bottom
R65,109.46,-69.51,90.0,bottom
R66,146.06,-86.7475,90.0,bottom
R67,148.56,-86.7475,90.0,bottom
R68,146.06,-93.5725,90.0,bottom
R69,148.56,-93.5725,90.0,bottom
R7,93.76,-72.2975,270.0,bottom
R70,151.06,-93.6225,90.0,bottom
R71,153.56,-93.6225,90.0,bottom
R72,142.56,-94.8975,90.0,bottom
R73,142.56,-99.3225,270.0,bottom
R74,88.0725,-107.31,0.0,bottom
R75,88.0725,-109.71,180.0,bottom
R76,88.0475,-104.91,0.0,bottom
R77,91.9475,-119.51,0.0,bottom
R78,99.16,-117.2225,270.0,bottom
R79,80.4725,-109.61,0.0,bottom
R8,93.76,-77.5975,90.0,bottom
R80,80.4475,-107.11,0.0,bottom
R81,88.76,-77.5975,90.0,bottom
R82,87.5725,-70.61,180.0,bottom
R83,90.96,-77.5975,90.0,bottom
R84,80.4725,-76.41,0.0,bottom
R85,80.4725,-73.81,0.0,bottom
R86,86.16,-122.2975,90.0,bottom
R87,80.96,-122.2975,270.0,bottom
R88,98.66,-102.8225,270.0,bottom
R89,101.66,-102.8225,270.0,bottom
R9,95.96,-72.2975,90.0,bottom
R90,104.76,-102.8225,270.0,bottom
R91,98.36,-64.3225,90.0,bottom
R92,136.76,-110.5225,90.0,bottom
R93,103.46,-64.3225,90.0,bottom
R94,100.86,-64.3225,270.0,bottom
SW1,104.285,-92.16,0.0,top
SW2,83.06,-122.16,0.0,top
U1,123.6075,-100.41,180.0,top
U10,91.4225,-105.3975,180.0,top
U11,99.03415,-117.815,180.0,top
U12,89.61,-79.0475,90.0,top
U2,92.31,-71.860799,270.0,top
U3,101.19475,-72.16,0.0,top
U4,126.51,-78.272501,270.0,bottom
U5,123.96,-59.897499,90.0,bottom
U6,117.56,-107.0222,90.0,bottom
U7,129.715,-107.0222,270.0,bottom
U8,117.635,-95.0478,90.0,bottom
U9,129.715,-95.0478,270.0,bottom
Y1,136.8575,-98.66,90.0,top
